Institution Name,Product Name,State,Annual Fee,Rewards,is_student,accepts_itin,Reward_Type
360 Federal Credit Union,Platinum Reward,,,Cashback rewards; Travel-related rewards; Other rewards,False,False,Cashback
360 Federal Credit Union,Secure Classic,,,,False,False,General
360 Federal Credit Union,Business Rewards,,,Cashback rewards; Travel-related rewards; Other rewards,False,False,Cashback
360 Federal Credit Union,Traditional Classic,,,,False,False,General
Alabama State Employees Credit Union,Credit Card,AL,,Cashback rewards,False,False,Cashback
Align Credit Union,Rewards Prefered,,,Travel-related rewards; Other rewards,False,False,Travel
Ally Bank,Ally Platinum Mastercard_1,,,,False,False,General
Ally Bank,Ally Platinum Mastercard_2,,,,False,False,General
Ally Bank,Ally Everyday Cash Back Mastercard_1,,,Cashback rewards,False,False,Cashback
Ally Bank,Ally Everyday Cash Back Mastercard_2,,,Cashback rewards,False,False,Cashback
Ally Bank,Ally Everyday Cash Back Mastercard_4,,39.0,Cashback rewards,False,False,Cashback
Ally Bank,Ally Unlimited Cash Back Mastercard_1,,,Cashback rewards,False,False,Cashback
Ally Bank,Ally Unlimited Cash Back Mastercard_2,,,Cashback rewards,False,False,Cashback
Altonized Community Federal Credit Union,Altonized Community Federal Credit Union VISA Card,IL,,Cashback rewards; Travel-related rewards; Other rewards,False,False,Cashback
America First Federal Credit Union,Visa Classic Standard Rate,,,Travel-related rewards,False,False,Travel
American Express National Bank,Marriott Bonvoy Bevy™ American Express® Card,,250.0,Travel-related rewards,False,False,Travel
American Express National Bank,The Charles Schwab Investor Credit Card® from American Express,,,Cashback rewards,False,False,Cashback
American Express National Bank,Marriott Bonvoy Brilliant® American Express® Card,,650.0,Travel-related rewards,False,False,Travel
American Express National Bank,Hilton Honors American Express Aspire Card,,550.0,Travel-related rewards,False,False,Travel
American Express National Bank,Hilton Honors American Express Surpass® Card,,150.0,Travel-related rewards,False,False,Travel
American Express National Bank,Hilton Honors American Express Card,,,Travel-related rewards,False,False,Travel
American Express National Bank,Delta SkyMiles® Reserve American Express Card,,650.0,Travel-related rewards,False,False,Travel
American Express National Bank,Delta SkyMiles® Platinum American Express Card,,350.0,Travel-related rewards,False,False,Travel
American Express National Bank,Delta SkyMiles® Gold American Express Card,,150.0,Travel-related rewards,False,False,Travel
American Express National Bank,Delta SkyMiles® Blue American Express Card,,,Travel-related rewards,False,False,Travel
American Express National Bank,Blue Cash Preferred® Card,,95.0,Cashback rewards,False,False,Cashback
American Express National Bank,Blue Cash Everyday® Card,,,Cashback rewards,False,False,Cashback
American Express National Bank,Centurion® Card from American Express,,5000.0,Other rewards,False,False,General
American Express National Bank,The Platinum Card® from American Express for Charles Schwab,,695.0,Other rewards,False,False,General
American Express National Bank,The Platinum Card® from American Express for Goldman Sachs,,695.0,Other rewards,False,False,General
American Express National Bank,The Platinum Card® from American Express exclusively for Morgan Stanley,,695.0,Other rewards,False,False,General
American Express National Bank,The Platinum Card®,,695.0,Other rewards,False,False,General
American Express National Bank,American Express® Gold Card,,325.0,Other rewards,False,False,General
American Express National Bank,American Express® Green Card,,150.0,Other rewards,False,False,General
American Express National Bank,Morgan Stanley Blue Cash Preferred® American Express Card,,95.0,Cashback rewards,False,False,Cashback
Apl Federal Credit Union,APL FCU VISA CLASSIC CARD,MD,,,False,False,General
Arizona Financial Credit Union,Visa Platinum Rewards,,,Other rewards,False,False,General
Arizona Financial Credit Union,Visa Platinum Rewards,,,Other rewards,False,False,General
Arkansas Best Federal Credit Union,ABFCU Classic Credit cards,,,,False,False,General
Associated Healthcare Credit Union,Signature Rewards,MN,,Cashback rewards; Travel-related rewards; Other rewards,False,False,Cashback
Associated Healthcare Credit Union,Premier,,,,False,False,General
Avadian Credit Union,Signature Visa,AL,,Cashback rewards; Travel-related rewards; Other rewards,False,False,Cashback
Avadian Credit Union,Visa Traditional Rewards,AL,,Cashback rewards; Travel-related rewards; Other rewards,False,False,Cashback
Avadian Credit Union,Secured Visa,AL,,,False,False,General
Bangor Savings Bank,everblue,,,,False,False,General
"Bank Of America, National Association",Bank of America Customized Cash Rewards,,,Cashback rewards; Other rewards,False,False,Cashback
"Bank Of America, National Association",Bank of America Unlimited Cash Rewards,,,Cashback rewards; Other rewards,False,False,Cashback
"Bank Of America, National Association",BankAmericard,,,,False,False,General
"Bank Of America, National Association",Bank of America Travel Rewards,,,Travel-related rewards; Other rewards,False,False,Travel
"Bank Of America, National Association",Bank of America Premium Rewards,,95.0,Cashback rewards; Travel-related rewards; Other rewards,False,False,Cashback
"Bank Of America, National Association",Bank of America Premium Rewards Elite,,550.0,Cashback rewards; Travel-related rewards; Other rewards,False,False,Cashback
"Bank Of America, National Association",Alaska Airlines Visa Signature,,95.0,Travel-related rewards; Other rewards,False,False,Travel
"Bank Of America, National Association",Allways Rewards Visa,,59.0,Travel-related rewards; Other rewards,False,False,Travel
"Bank Of America, National Association",Free Spirit Travel World Mastercard,,,Travel-related rewards; Other rewards,False,False,Travel
"Bank Of America, National Association",Norwegian Cruise Line World Mastercard,,,Cashback rewards; Travel-related rewards; Other rewards,False,False,Cashback
"Bank Of America, National Association",Celebrity Cruises Visa Signature,,,Travel-related rewards; Other rewards,False,False,Travel
"Bank Of America, National Association",Royal Caribbean Visa Signature,,,Travel-related rewards; Other rewards,False,False,Travel
"Bank Of America, National Association",Sandals Visa Signature,,,Cashback rewards; Travel-related rewards; Other rewards,False,False,Cashback
"Bank Of America, National Association",National Education Association Rate Smart Card,,,,False,False,General
"Bank Of America, National Association",Massachusetts Teacher Association Rate Smart Card,,,,False,False,General
"Bank Of America, National Association",California Teachers Association Rate Smart Card,,,,False,False,General
"Bank Of America, National Association",Air France KLM World Elite Mastercard,,89.0,Travel-related rewards; Other rewards,False,False,Travel
"Bank Of America, National Association",Free Spirit Travel More World Elite Mastercard,,79.0,Travel-related rewards; Other rewards,False,False,Travel
"Bank Of America, National Association",Bank of America Customized Cash Rewards - Secured,,,Cashback rewards; Other rewards,False,False,Cashback
"Bank Of America, National Association",Bank of America Unlimited Cash Rewards - Secured,,,Cashback rewards; Other rewards,False,False,Cashback
"Bank Of America, National Association",BankAmericard - Secured,,,,False,False,General
"Bank Of America, National Association",Bank of America Travel Rewards - Secured,,,Travel-related rewards; Other rewards,False,False,Travel
Barclays Bank Delaware,Barnes & Noble Mastercard,,,Cashback rewards; Other rewards,False,False,Cashback
Barclays Bank Delaware,UPromise World Mastercard,,,Cashback rewards,False,False,Cashback
Barclays Bank Delaware,AARP Travel Rewards Mastercard from Barclays,,,Cashback rewards; Other rewards,False,False,Cashback
Barclays Bank Delaware,AARP Essential Rewards Mastercard from Barclays,,,Cashback rewards; Other rewards,False,False,Cashback
Barclays Bank Delaware,AAdvantage Aviator Red World Elite Mastercard,,99.0,Travel-related rewards; Other rewards,False,False,Travel
Barclays Bank Delaware,Mastercard Titanium Card,,195.0,Cashback rewards; Travel-related rewards; Other rewards,False,False,Cashback
Barclays Bank Delaware,Mastercard Black Card,,495.0,Cashback rewards; Travel-related rewards; Other rewards,False,False,Cashback
Barclays Bank Delaware,Mastercard Gold Card,,995.0,Cashback rewards; Travel-related rewards; Other rewards,False,False,Cashback
Barclays Bank Delaware,Frontier Airlines Mastercard,,99.0,Travel-related rewards; Other rewards,False,False,Travel
Barclays Bank Delaware,Hawaiian World Elite Mastercard,,99.0,Travel-related rewards; Other rewards,False,False,Travel
Barclays Bank Delaware,JetBlue Plus Mastercard,,,Travel-related rewards; Other rewards,False,False,Travel
Barclays Bank Delaware,JetBlue Mastercard,,,Travel-related rewards; Other rewards,False,False,Travel
Barclays Bank Delaware,JetBlue Plus Mastercard,,99.0,Travel-related rewards; Other rewards,False,False,Travel
Barclays Bank Delaware,JetBlue Premier Mastercard,,499.99,Travel-related rewards; Other rewards,False,False,Travel
Barclays Bank Delaware,JetBlue Travel Mastercard,,59.0,Travel-related rewards; Other rewards,False,False,Travel
Barclays Bank Delaware,Emirates Skywards Rewards World Elite Mastercard,,99.0,Travel-related rewards; Other rewards,False,False,Travel
Barclays Bank Delaware,Emirates Skywards Premium World Elite Mastercard,,499.0,Travel-related rewards; Other rewards,False,False,Travel
Barclays Bank Delaware,Miles & More World Elite Mastercard,,89.0,Travel-related rewards; Other rewards,False,False,Travel
Barclays Bank Delaware,Holland America Line Rewards Visa Card,,,Travel-related rewards; Other rewards,False,False,Travel
Barclays Bank Delaware,Princess Cruises Rewards Visa Card,,,Travel-related rewards; Other rewards,False,False,Travel
Barclays Bank Delaware,Carnival World Mastercard,,,Travel-related rewards; Other rewards,False,False,Travel
Barclays Bank Delaware,Wyndham Rewards Earner® Card,,,Travel-related rewards; Other rewards,False,False,Travel
Barclays Bank Delaware,Wyndham Rewards Earner® Access Card,,,Travel-related rewards,False,False,Travel
Barclays Bank Delaware,Wyndham Rewards Earner® Plus Card,,75.0,Travel-related rewards; Other rewards,False,False,Travel
Barclays Bank Delaware,Wyndham Rewards Earner®  Card,,,Travel-related rewards; Other rewards,False,False,Travel
Barclays Bank Delaware,Bluegreen Rewards Mastercard,,,Travel-related rewards; Other rewards,False,False,Travel
Barclays Bank Delaware,RCI® Elite Rewards® Mastercard®,,,Cashback rewards; Travel-related rewards; Other rewards,False,False,Cashback
Barclays Bank Delaware,Breeze Easy Visa Signature,,89.0,Travel-related rewards; Other rewards,False,False,Travel
Barclays Bank Delaware,Mastercard - Platinum,,,Cashback rewards; Other rewards,False,False,Cashback
Barclays Bank Delaware,Capital Vacations World Mastercard,,,Cashback rewards; Travel-related rewards; Other rewards,False,False,Cashback
Barclays Bank Delaware,GM Rewards Mastercard,,,,False,False,General
Barclays Bank Delaware,Athleta Rewards Mastercard,,,Other rewards,False,False,General
Barclays Bank Delaware,Banana Republic Rewards Mastercard,,,Other rewards,False,False,General
Barclays Bank Delaware,Gap Good Rewards Mastercard,,,Other rewards,False,False,General
Barclays Bank Delaware,Navyist Rewards MasterCard Platinum,,,Other rewards,False,False,General
Baxter Credit Union,Travel Rewards Visa Signature,,,Travel-related rewards,False,False,Travel
Blucurrent Credit Union,BluCurrent Classic Card,MO,,,False,False,General
Blucurrent Credit Union,BluCurrent Platinum Card,MO,,Cashback rewards; Travel-related rewards; Other rewards,False,False,Cashback
Bluestone Federal Credit Union,Visa Classic Credit Card,,,,False,False,General
"Bmo Bank, N.A.",Cash Back Credit Card,,,Cashback rewards,False,False,Cashback
Boeing Employees Credit Union,BECU Traditional Secured Consumer Credit Card,,,Other rewards,False,False,General
Boeing Employees Credit Union,BECU Traditional Consumer Credit Card,,,,False,False,General
Boeing Employees Credit Union,BECU Cash Back Secured Consumer Credit Card,,,Cashback rewards,False,False,Cashback
Boeing Employees Credit Union,BECU Cash Back Consumer Credit Card,,,Cashback rewards,False,False,Cashback
Capital Credit Union,Capital Credit Union VISA Credit Card,ND,,Cashback rewards,False,False,Cashback
"Capital One, National Association",BJ's One Mastercard,,,Other rewards,False,False,General
"Capital One, National Association",BJ's One + Mastercard,,,Other rewards,False,False,General
"Capital One, National Association",Kohl's Rewards Visa,,,Other rewards,False,False,General
"Capital One, National Association",Discover it® Cash Back Credit Card,,,Cashback rewards; Other rewards,False,False,Cashback
"Capital One, National Association",Discover It® Student Cash Back,,,Cashback rewards; Other rewards,True,False,Cashback
"Capital One, National Association",Discover It® Student Chrome,,,Cashback rewards; Other rewards,True,False,Cashback
"Capital One, National Association",Discover It® Miles,,,Travel-related rewards; Other rewards,False,False,Travel
"Capital One, National Association",Discover it® Chrome Gas & Restaurant Credit Card,,,Cashback rewards; Other rewards,False,False,Cashback
"Capital One, National Association",NHL® Discover It® Credit Card,,,Cashback rewards; Other rewards,False,False,Cashback
"Capital One, National Association",Discover It® Secured Credit Card,,,Cashback rewards; Other rewards,False,False,Cashback
"Capital One, National Association",REI Co-op Mastercard,,,Other rewards,False,False,General
"Capital One, National Association",Cabela's CLUB Card,,,Other rewards,False,False,General
"Capital One, National Association",Bass Pro Shop's CLUB Card,,,Other rewards,False,False,General
"Capital One, National Association",Quicksilver Secured Rewards,,,Cashback rewards,False,False,Cashback
"Capital One, National Association",Platinum Secured,,,,False,False,General
"Capital One, National Association",Quicksilver Rewards (ranged APR offering),,,Cashback rewards,False,False,Cashback
"Capital One, National Association",Quicksilver Rewards for Good Credit,,,Cashback rewards,False,False,Cashback
"Capital One, National Association",QuicksilverOne Rewards,,39.0,Cashback rewards,False,False,Cashback
"Capital One, National Association",Quicksilver Rewards (targeted offering for existing customers - PMC),,,Cashback rewards,False,False,Cashback
"Capital One, National Association",Quicksilver Rewards for Students,,,Cashback rewards,True,False,Cashback
"Capital One, National Association",Quicksilver Rewards (non-ranged APR offering),,,Cashback rewards,False,False,Cashback
"Capital One, National Association",Savor Rewards,,,Cashback rewards,False,False,Cashback
"Capital One, National Association",Savor Rewards for Good Credit,,,Cashback rewards,False,False,Cashback
"Capital One, National Association",Savor Rewards for Students,,,Cashback rewards,True,False,Cashback
"Capital One, National Association",Savor Rewards (targeted offering for existing customers - PMC),,,Cashback rewards,False,False,Cashback
"Capital One, National Association",Venture Rewards,,95.0,Travel-related rewards,False,False,Travel
"Capital One, National Association",Venture X Rewards,,395.0,Travel-related rewards,False,False,Travel
"Capital One, National Association",VentureOne Rewards,,,Travel-related rewards,False,False,Travel
"Capital One, National Association",VentureOne Rewards for Good Credit,,,Travel-related rewards,False,False,Travel
"Capital One, National Association",SavorOne Rewards,,39.0,Cashback rewards,False,False,Cashback
"Capital One, National Association",Platinum Mastercard,,,,False,False,General
"Capital One, National Association",Platinum Mastercard (targeted offering via pre-screen direct mail),,,,False,False,General
"Capital One, National Association",The Key Rewards Visa,,,Other rewards,False,False,General
"Capital One, National Association",West Elm Key Rewards Visa,,,Other rewards,False,False,General
"Capital One, National Association",Pottery Barn Key Rewards Visa,,,Other rewards,False,False,General
"Capital One, National Association",Williams Sonoma Key Rewards Visa,,,Other rewards,False,False,General
"Capital One, National Association",Teamsters Rate Advantage - Internet,,,,False,False,General
"Capital One, National Association",Teamsters Cash Rewards,,,Cashback rewards,False,False,Cashback
"Capital One, National Association",Teamsters Primary Access - Internet,,,,False,False,General
"Capital One, National Association",Teamsters Primary Access - Direct Mail,,,,False,False,General
"Capital One, National Association",Teamsters Rate Advantage (targeted offering via pre-screen direct mail),,,,False,False,General
"Capital One, National Association",Union Plus Rate Advantage - Internet,,,,False,False,General
"Capital One, National Association",Union Plus Cash Rewards,,,Cashback rewards,False,False,Cashback
"Capital One, National Association",Union Plus Primary Access - Internet,,,,False,False,General
"Capital One, National Association",Union Plus Primary Access - Direct Mail,,,,False,False,General
"Capital One, National Association",Union Plus Rate Advantage (targeted offering via pre-screen direct mail),,,,False,False,General
Central Willamette Credit Union,Visa Platinum,,,Travel-related rewards,False,False,Travel
"Citibank, N.A.",The Just Tires Credit Card,,,,False,False,General
"Citibank, N.A.",Dillard's Mastercard,,,Other rewards,False,False,General
"Citibank, N.A.",Dillard's Credit Card,,,,False,False,General
"Citibank, N.A.",Tractor Supply Visa,,,,False,False,General
"Citibank, N.A.",Bloomingdale's American Express,,,,False,False,General
"Citibank, N.A.",Bloomingdale's Credit Card,,,,False,False,General
"Citibank, N.A.",Macy's American Express,,,,False,False,General
"Citibank, N.A.",Macy's Credit Card,,,,False,False,General
"Citibank, N.A.",Wayfair Mastercard,,,Other rewards,False,False,General
"Citibank, N.A.",Wayfair Credit Card,,,Other rewards,False,False,General
"Citibank, N.A.",Volkswagen Service Card,,,,False,False,General
"Citibank, N.A.",Tractor Supply Company Private Label,,,,False,False,General
"Citibank, N.A.",Ross Simmons Credit Card,,,,False,False,General
"Citibank, N.A.",My Best Buy Credit Card,,,,False,False,General
"Citibank, N.A.",The Home Depot Consumer Credit Card,,,,False,False,General
"Citibank, N.A.",My Best Buy Visa,,,,False,False,General
"Citibank, N.A.",The Goodyear Credit Card,,,,False,False,General
"Citibank, N.A.",Meijer Mastercard,,,Other rewards,False,False,General
"Citibank, N.A.",Meijer Credit Card,,,Other rewards,False,False,General
"Citibank, N.A.",LL Bean Mastercard,,,Other rewards,False,False,General
"Citibank, N.A.",Jewelers Reserve Credit Card,,,,False,False,General
"Citibank, N.A.",Citi Rewards Plus,,,Other rewards,False,False,General
"Citibank, N.A.",Citi Strata Premier,,95.0,Other rewards,False,False,General
"Citibank, N.A.",Citi Double Cash,,,Cashback rewards,False,False,Cashback
"Citibank, N.A.",Home Furnishings,,,,False,False,General
"Citibank, N.A.",Citi Custom Cash Card,,,Cashback rewards; Other rewards,False,False,Cashback
"Citibank, N.A.",Citi Simplicity Card,,,,False,False,General
"Citibank, N.A.",Electronics & Appliance Credit Card,,,,False,False,General
"Citibank, N.A.",Citi Secured Mastercard,,,,False,False,General
"Citibank, N.A.",Drive Card,,,,False,False,General
"Citibank, N.A.",Citi Diamond Preferred Card,,,,False,False,General
"Citibank, N.A.",BrandSource Credit Card,,,,False,False,General
"Citibank, N.A.",Sunoco Rewards Card,,,Other rewards,False,False,General
"Citibank, N.A.",Shell Fuel Rewards Mastercard,,,Other rewards,False,False,General
"Citibank, N.A.",Shell Fuel Rewards Card,,,Other rewards,False,False,General
"Citibank, N.A.",Exxon Mobil Smart Card+,,,,False,False,General
"Citibank, N.A.",Costco Anywhere Visa Card by Citi,,,Cashback rewards,False,False,Cashback
"Citibank, N.A.",Citi AAdvantage Platinum Select World Elite Mastercard,,99.0,Travel-related rewards,False,False,Travel
"Citibank, N.A.",Citi AAdvantage Executive World Elite Mastercard,,595.0,Travel-related rewards,False,False,Travel
"Citibank, N.A.",American Airlines AAdvantage MileUp Card,,,Travel-related rewards,False,False,Travel
"Citibank, N.A.",Shop Your Way Mastercard,,,Other rewards,False,False,General
"Citibank, N.A.",AT&T Points Plus Card,,,Other rewards,False,False,General
"Citizens Bank, National Association",Citizens Amp,,,,False,False,General
"Citizens Bank, National Association",Citizens Amp,,,,False,False,General
"Citizens Bank, National Association",Citizens Spring,,,,False,False,General
"Citizens Bank, National Association",Citizens Summit,,,Cashback rewards,False,False,Cashback
"Citizens Bank, National Association",Citizens Summit Reserve,,295.0,Cashback rewards,False,False,Cashback
"Citizens Bank, National Association",Citizens Summit Reserve Private Bank,,295.0,Cashback rewards,False,False,Cashback
Coca-Cola Credit Union,Coca-Cola Credit Union Visa Platinum,,,,False,False,General
Coloramo Federal Credit Union,Visa Classic,CO,,,False,False,General
Comenity Bank,New York Yankees Mastercard®,,,Other rewards,False,False,General
Comenity Bank,Bread Rewards™ American Express®,,,Cashback rewards; Travel-related rewards; Other rewards,False,False,Cashback
Comenity Bank,Bread Rewards™ American Express®,,,Cashback rewards; Travel-related rewards; Other rewards,False,False,Cashback
Comenity Bank,Victoria's Secret Mastercard,,,Other rewards,False,False,General
Comenity Bank,Caesars Rewards Visa,,,Other rewards,False,False,General
Comenity Bank,Caesars Rewards Visa,,,Other rewards,False,False,General
Comenity Bank,Sportsman's Guide Buyer's Club Rewards Visae,,,Other rewards,False,False,General
Comenity Bank,Ann Taylor Mastercard,,,Other rewards,False,False,General
Comenity Bank,PlayStation Visa,,,Other rewards,False,False,General
Comenity Bank,PlayStation Visa,,,Other rewards,False,False,General
Comenity Bank,LOFT Mastercard,,,Other rewards,False,False,General
Comenity Capital Bank,AAA Daily Advantage Visa Signature,,,Cashback rewards; Other rewards,False,False,Cashback
Comenity Capital Bank,AAA Travel Advantage Visa Signature,,,Cashback rewards; Other rewards,False,False,Cashback
Comenity Capital Bank,Ross Mastercard,,,Other rewards,False,False,General
Comenity Capital Bank,Saks Mastercard,,,Other rewards,False,False,General
Comenity Capital Bank,Hard Rock Mastercard,,,Other rewards,False,False,General
Comenity Capital Bank,Good Sam Travel Visa Signature Card,,249.0,Other rewards,False,False,General
Comenity Capital Bank,Good Sam Travel Visa Signature Card,,249.0,Other rewards,False,False,General
Comenity Capital Bank,Crypto.com Visa,,,Other rewards,False,False,General
Comenity Capital Bank,Petco Pay Mastercard,,,Other rewards,False,False,General
Comenity Capital Bank,Sephora Visa,,,Other rewards,False,False,General
Comenity Capital Bank,Good Sam Rewards Visa,,,Other rewards,False,False,General
Comenity Capital Bank,Interval World Mastercard,,,Other rewards,False,False,General
Comenity Capital Bank,IKEA Visa,,,Other rewards,False,False,General
Comenity Capital Bank,Houzz Mastercard,,,Other rewards,False,False,General
Comenity Capital Bank,Ulta Beauty Rewards Mastercard,,,Other rewards,False,False,General
Comenity Capital Bank,Sportsman's Warehouse Explorewards Visa,,,Other rewards,False,False,General
Comenity Capital Bank,Penn National Gaming mycash Mastercard,,,Other rewards,False,False,General
Comenity Capital Bank,Lands' End Visa,,,Other rewards,False,False,General
Comenity Capital Bank,Good Sam Coast to Coast Visa,,,Other rewards,False,False,General
Comenity Capital Bank,Worldwide Vacation & Travel Mastercard,,,Other rewards,False,False,General
Comenity Capital Bank,Toyota Rewards Visa,,,Other rewards,False,False,General
Comenity Capital Bank,Lexus Pursuits Visa,,,Other rewards,False,False,General
Comenity Capital Bank,NFL Extra Points Visa,,,Other rewards,False,False,General
Comenity Capital Bank,NFL Green Bay Packers Extra Points Mastercard,,,Other rewards,False,False,General
Comenity Capital Bank,Bread Cashback American Express,,,Cashback rewards; Travel-related rewards; Other rewards,False,False,Cashback
Communityamerica Federal Credit Union,Platinum Low Rate,,,,False,False,General
Community Resource Credit Union,MemberSelect Rewards MasterCard®,TX,,Cashback rewards; Travel-related rewards; Other rewards,False,False,Cashback
Cpm Federal Credit Union,MyRate Visa Card,,,,False,False,General
"Credit One Bank, National Association",Platinum X5 Visa,,95.0,Cashback rewards,False,False,Cashback
"Credit One Bank, National Association",Credit One Bank American Express Card,,39.0,Cashback rewards,False,False,Cashback
"Credit One Bank, National Association",Platinum Visa for Rebuilding Credit,,75.0,Cashback rewards,False,False,Cashback
"Credit One Bank, National Association",Credit One Bank Wander Card,,95.0,Cashback rewards; Travel-related rewards,False,False,Cashback
"Credit One Bank, National Association",Platinum Rewards Visa with No Annual Fee,,,Cashback rewards,False,False,Cashback
"Credit One Bank, National Association",Platinum Visa,,39.0,Cashback rewards,False,False,Cashback
"Credit One Bank, National Association",Secured Card,,,Cashback rewards,False,False,Cashback
"Credit One Bank, National Association",NASCAR American Express Card,,,Cashback rewards,False,False,Cashback
"Credit One Bank, National Association",Vegas Golden Knights Credit Card,,75.0,Cashback rewards,False,False,Cashback
"Credit One Bank, National Association",Best Friends Credit Card,,,Cashback rewards,False,False,Cashback
Dakotaland Federal Credit Union,Cash Back VISA,,,Cashback rewards; Travel-related rewards; Other rewards,False,False,Cashback
Del-One Federal Credit Union,Rewards Visa,,,Cashback rewards; Other rewards,False,False,Cashback
Del-One Federal Credit Union,Share Secured Visa,,,,False,False,General
Destinations Credit Union,Consumer Credit Card,MD,,,False,False,General
Dupaco Community Credit Union,Dupaco Platinum Visa/Dupaco Rewards Visa,,,Cashback rewards; Travel-related rewards; Other rewards,False,False,Cashback
Educators Credit Union,Visa Signature,WI,,Cashback rewards,False,False,Cashback
Educators Credit Union,Visa Platinum,WI,,Cashback rewards; Travel-related rewards; Other rewards,False,False,Cashback
Electel Cooperative Federal Credit Union,Credit Card,,,,False,False,General
Elevations Credit Union,"Visa Signature Cash Rewards, Visa Signature Travel Rewards, Go Buffs Visa Signature",CO,49.0,Cashback rewards; Travel-related rewards; Other rewards,False,False,Cashback
Elevations Credit Union,"Visa Rewards, Visa, Buff One Visa",CO,,Cashback rewards; Travel-related rewards,False,False,Cashback
Evolve Bank & Trust,Mastercard Consumer Credit Card,,99.0,Cashback rewards,False,False,Cashback
"Fifth Third Bank, National Association",Fifth Third 1% Cash/Back,,,Cashback rewards,False,False,Cashback
"Fifth Third Bank, National Association",Fifth Third 1.67% Cash/Back & 2% Preferred Cash/Back,,,Cashback rewards,False,False,Cashback
"Fifth Third Bank, National Association",Fifth Third Employee Credit Card,,,Cashback rewards,False,False,Cashback
"Fifth Third Bank, National Association",Fifth Third Secured Credit Card,,24.0,,False,False,General
"Fifth Third Bank, National Association",Fifth Third Private Bank Credit Card,,,Cashback rewards,False,False,Cashback
First American Bank And Trust,"Visa, Mastercard",LA,,Other rewards,False,False,General
First American Credit Union,First American Credit Union MasterCard Rewards Card,,25.0,Cashback rewards,False,False,Cashback
First Electronic Bank,H-E-B Visa Signature® Credit Card,,,Cashback rewards,False,False,Cashback
First National Bank,Legacy,,75.0,,False,False,General
First National Bank Of Omaha,Scheels® Secured Visa® Card,,35.0,Other rewards,False,False,General
First National Bank Of Omaha,FNBO Secured Visa® Card,,,,False,False,General
First National Bank Of Omaha,Secured Mastercard®,,,,False,False,General
First National Bank Of Omaha,Secured Visa ® Card,,,,False,False,General
First National Bank Of Omaha,SEIU (SM) Visa® Secured Card,,,,False,False,General
First National Bank Of Omaha,Speedy Rewards ® Secured Mastercard®,,30.0,Other rewards,False,False,General
First National Bank Of Omaha,Blain's Farm and Fleet Rewards MasterCard®,,,Other rewards,False,False,General
First National Bank Of Omaha,C-A-L Ranch Rewards Mastercard®,,,Other rewards,False,False,General
First National Bank Of Omaha,Coastal Rewards Mastercard®,,,Other rewards,False,False,General
First National Bank Of Omaha,Chrysler DrivePlus SM Mastercard®,,,Other rewards,False,False,General
First National Bank Of Omaha,Dodge DrivePlus SM Mastercard®,,,Other rewards,False,False,General
First National Bank Of Omaha,FIAT DrivePlus SM Mastercard®,,,Other rewards,False,False,General
First National Bank Of Omaha,Jeep Rewards Mastercard®,,,Other rewards,False,False,General
First National Bank Of Omaha,Mopar DrivePlus SM Mastercard®,,,Other rewards,False,False,General
First National Bank Of Omaha,Ram DrivePlus SM Mastercard®,,,Other rewards,False,False,General
First National Bank Of Omaha,Northern Tool Mastercard®,,,Other rewards,False,False,General
First National Bank Of Omaha,Runnings Mastercard®,,,Other rewards,False,False,General
First National Bank Of Omaha,Scheels® Visa® Card,,,Other rewards,False,False,General
First National Bank Of Omaha,Universal Rewards Visa Signature,,,Other rewards,False,False,General
First National Bank Of Omaha,Universal Rewards Plus Visa Signature,,99.0,Other rewards,False,False,General
First National Bank Of Omaha,Evergreen(R) by FNBO Visa® Card,,,Other rewards,False,False,General
First National Bank Of Omaha,Platinum Edition Mastercard®,,,,False,False,General
First National Bank Of Omaha,Maximum Rewards World Mastercard®,,,Other rewards,False,False,General
First National Bank Of Omaha,Getaway by FNBO® Mastercard,,,Other rewards,False,False,General
First National Bank Of Omaha,Maximum Rewards World Mastercard®,,,Other rewards,False,False,General
First National Bank Of Omaha,Platinum Edition Visa® Card,,,,False,False,General
First National Bank Of Omaha,Platinum Edition Visa® Card,,,,False,False,General
First National Bank Of Omaha,Maximum Rewards Visa Signature® Card,,,Other rewards,False,False,General
First National Bank Of Omaha,Maximum Rewards Visa Signature® Card,,,Other rewards,False,False,General
First National Bank Of Omaha,Amtrak Guest Rewards® Mastercard®,,,Other rewards,False,False,General
First National Bank Of Omaha,Amtrak Guest Rewards® Preferred Mastercard®,,99.0,Other rewards,False,False,General
First National Bank Of Omaha,ANA USA Visa ® Card,,70.0,Other rewards,False,False,General
First National Bank Of Omaha,ANA CARD USA Plus Visa ®,,85.0,Other rewards,False,False,General
First National Bank Of Omaha,Atwoods Rewards Mastercard®,,,Other rewards,False,False,General
First National Bank Of Omaha,bp rewards Visa® Card,,,Other rewards,False,False,General
First National Bank Of Omaha,Ducks Unlimited Rewards Visa® Card,,,Other rewards,False,False,General
First National Bank Of Omaha,Gulf Visa® Card,,,Other rewards,False,False,General
First National Bank Of Omaha,Icelandair Mastercard®,,,Other rewards,False,False,General
First National Bank Of Omaha,Icelandair Premium Mastercard®,,39.0,Other rewards,False,False,General
First National Bank Of Omaha,JAL USA Mastercard®,,20.0,Other rewards,False,False,General
First National Bank Of Omaha,JAL USA Mastercard®,,20.0,Other rewards,False,False,General
First National Bank Of Omaha,JAL USA Mastercard®,,20.0,Other rewards,False,False,General
First National Bank Of Omaha,JAL USA Mastercard®,,35.0,Other rewards,False,False,General
First National Bank Of Omaha,JAL USA Mastercard®,,35.0,Other rewards,False,False,General
First National Bank Of Omaha,JAL USA Mastercard®,,35.0,Other rewards,False,False,General
First National Bank Of Omaha,Mary Kay® Rewards Visa® Card,,,Other rewards,False,False,General
First National Bank Of Omaha,Melaleuca Rewards Visa® Card,,,Other rewards,False,False,General
First National Bank Of Omaha,MGM Rewards World Elite Mastercard®,,,Other rewards,False,False,General
First National Bank Of Omaha,MGM Rewards Iconic World Elite Mastercard®,,249.0,Other rewards,False,False,General
First National Bank Of Omaha,Orvis Rewards Visa® Card,,,Other rewards,False,False,General
First National Bank Of Omaha,Premio Mastercard®,,,,False,False,General
First National Bank Of Omaha,Premio Plus Mastercard®,,,Cashback rewards,False,False,Cashback
First National Bank Of Omaha,SEIU(SM) Platinum Edition(R) Visa® Card,,,,False,False,General
First National Bank Of Omaha,SEIU (SM) Rewards Visa® Card,,,Cashback rewards,False,False,Cashback
First National Bank Of Omaha,Sheetz Visa ® Card,,,Other rewards,False,False,General
First National Bank Of Omaha,Speedy Rewards ® Mastercard®,,,Other rewards,False,False,General
First National Bank Of Omaha,The Restaurant Store Visa® Card,,,Other rewards,False,False,General
First National Bank Of Omaha,Webstaurant Rewards Visa® Card,,,Other rewards,False,False,General
First National Bank Of Omaha,Yale Mastercard®,,,Other rewards,False,False,General
First National Bank Of Omaha,Wawa Mastercard®,,,Other rewards,False,False,General
First Savings Bank,Blaze Mastercard,,75.0,,False,False,General
First State Bank,First State Bank Credit Card,,,,False,False,General
Fnbt Bank,MasterCard,,,Cashback rewards,False,False,Cashback
Gecu Federal Credit Union,Empowerment Credit Card,,,,False,False,General
Gecu Federal Credit Union,Rewards Credit Card,,,Cashback rewards; Travel-related rewards; Other rewards,False,False,Cashback
Georgia'S Own Credit Union,Visa Platinum,,,Cashback rewards; Travel-related rewards; Other rewards,False,True,Cashback
Goldman Sachs Bank Usa,Apple Card,,,Cashback rewards,False,False,Cashback
Grow Financial Federal Credit Union,Visa Preferred,,,,False,False,General
Gundersen Credit Union,Gundersen Credit Union,WI,,Travel-related rewards; Other rewards,False,False,Travel
Harvard Federal Credit Union,Harvard Alumni World MasterCard,,,Cashback rewards; Travel-related rewards; Other rewards,False,False,Cashback
Harvard Federal Credit Union,Platinum Secured MasterCard,,,,True,False,General
Harvard Federal Credit Union,Platinum Rewards Plus MasterCard,,,Cashback rewards; Travel-related rewards; Other rewards,True,False,Cashback
Harvard Federal Credit Union,Platinum Rewards MasterCard,,,Cashback rewards; Travel-related rewards; Other rewards,True,False,Cashback
Harvard Federal Credit Union,Platinum MasterCard,,,,True,False,General
High Point Federal Credit Union,VISA Platinum,,,Cashback rewards; Travel-related rewards; Other rewards,False,False,Cashback
Hills Bank And Trust Company,Visa Platinum Credit Card,IA,,,False,False,General
"Homeland Credit Union, Inc.",Visa Classic,OH,10.0,Other rewards,False,False,General
"Homeland Credit Union, Inc.",Visa Platinum,AA,,Travel-related rewards; Other rewards,False,False,Travel
Hoosier Heartland State Bank,Personal Credit Card,IN,,,False,False,General
Horizon Credit Union,Horizon Credit Union Visa Classic,,,,False,False,General
I.L.W.U. Federal Credit Union,Platinum Visa,,,,False,False,General
I.L.W.U. Federal Credit Union,Platinum Visa Rewards,,,Cashback rewards; Travel-related rewards; Other rewards,False,False,Cashback
I.L.W.U. Federal Credit Union,Secured Visa,,,,False,False,General
Illinois Educators Credit Union,VISA Classic,,,Cashback rewards,False,False,Cashback
Iq Credit Union,Visa Platinum Rewards,,,Cashback rewards,False,False,Cashback
Jonah Bank Of Wyoming,Platinum,,,,False,False,General
Jonah Bank Of Wyoming,Platinum Rewards,,50.0,Cashback rewards; Travel-related rewards; Other rewards,False,False,Cashback
Jonah Bank Of Wyoming,Secured Platinum,,,,False,False,General
Jonah Bank Of Wyoming,Secured Platinum Rewards,,50.0,Cashback rewards; Travel-related rewards; Other rewards,False,False,Cashback
Joplin Metro Credit Union,JOPLIN METRO CREDIT UNION SECURED VISA,,,Other rewards,False,False,General
Joplin Metro Credit Union,JOPLIN METRO CREDIT UNION CLASSIC VISA,,,Other rewards,False,False,General
Joplin Metro Credit Union,JOPLIN METRO CREDIT UNION PREFERRED CLASSIC VISA,,,Other rewards,False,False,General
Joplin Metro Credit Union,JOPLIN METRO CREDIT UNION PLATINUM VISA,,,Other rewards,False,False,General
Jovia Financial Federal Credit Union,Visa Signature Elite,,,Cashback rewards,False,False,Cashback
Jovia Financial Federal Credit Union,VISA Advantage,NY,,,False,False,General
"Jpmorgan Chase Bank, National Association",DoorDash Rewards Mastercard,,,Cashback rewards; Other rewards,False,False,Cashback
"Jpmorgan Chase Bank, National Association",Disney Premier Visa Card,,49.0,Other rewards,False,False,General
"Jpmorgan Chase Bank, National Association", Disney® Visa® Card,,,Other rewards,False,False,General
"Jpmorgan Chase Bank, National Association",Amazon Prime Rewards Visa Card,,,Cashback rewards; Travel-related rewards; Other rewards,False,False,Cashback
"Jpmorgan Chase Bank, National Association",Amazon Rewards Visa Card,,,Cashback rewards; Travel-related rewards; Other rewards,False,False,Cashback
"Jpmorgan Chase Bank, National Association",British Airways Visa Signature,,95.0,Travel-related rewards,False,False,Travel
"Jpmorgan Chase Bank, National Association",United Club Infinite Card,,695.0,Travel-related rewards; Other rewards,False,False,Travel
"Jpmorgan Chase Bank, National Association",World of Hyatt Credit Card,,95.0,Travel-related rewards,False,False,Travel
"Jpmorgan Chase Bank, National Association",United Explorer Card,,150.0,Travel-related rewards; Other rewards,False,False,Travel
"Jpmorgan Chase Bank, National Association",United Quest Card,,350.0,Travel-related rewards; Other rewards,False,False,Travel
"Jpmorgan Chase Bank, National Association",IHG Traveler,,,Travel-related rewards; Other rewards,False,False,Travel
"Jpmorgan Chase Bank, National Association",Marriott Bonvoy Bountiful Credit Card,,250.0,Travel-related rewards,False,False,Travel
"Jpmorgan Chase Bank, National Association",Iberia Visa Signature,,95.0,Travel-related rewards,False,False,Travel
"Jpmorgan Chase Bank, National Association",United Gateway Card,,,Travel-related rewards; Other rewards,False,False,Travel
"Jpmorgan Chase Bank, National Association",IHG Premier,,99.0,Travel-related rewards; Other rewards,False,False,Travel
"Jpmorgan Chase Bank, National Association",Southwest® Rapid Rewards® Employee Credit Card,,,Travel-related rewards,False,False,Travel
"Jpmorgan Chase Bank, National Association",Southwest® Rapid Rewards® Plus Credit Card,,99.0,Travel-related rewards,False,False,Travel
"Jpmorgan Chase Bank, National Association",Southwest® Rapid Rewards® Premier Credit Card,,149.0,Travel-related rewards,False,False,Travel
"Jpmorgan Chase Bank, National Association",Southwest® Rapid Rewards® Priority Credit Card,,229.0,Travel-related rewards,False,False,Travel
"Jpmorgan Chase Bank, National Association",Freedom Unlimited,,,Cashback rewards; Travel-related rewards,False,False,Cashback
"Jpmorgan Chase Bank, National Association",Aer Lingus Visa Signature,,95.0,Travel-related rewards,False,False,Travel
"Jpmorgan Chase Bank, National Association",Marriott Bonvoy Bold Credit Card,,,Travel-related rewards,False,False,Travel
"Jpmorgan Chase Bank, National Association",Marriott Bonvoy Boundless Credit Card,,95.0,Travel-related rewards,False,False,Travel
"Jpmorgan Chase Bank, National Association",Sapphire Reserve,,550.0,Cashback rewards; Travel-related rewards,False,False,Cashback
"Jpmorgan Chase Bank, National Association",Sapphire Preferred,,95.0,Cashback rewards; Travel-related rewards,False,False,Cashback
"Jpmorgan Chase Bank, National Association",Freedom Flex,,,Cashback rewards; Travel-related rewards,False,False,Cashback
"Jpmorgan Chase Bank, National Association",Freedom Rise,,,Cashback rewards,False,False,Cashback
"Jpmorgan Chase Bank, National Association",Freedom Unlimited,,,Cashback rewards; Travel-related rewards,False,False,Cashback
"Jpmorgan Chase Bank, National Association",Slate Edge,,,,False,False,General
"Jpmorgan Chase Bank, National Association",Chase Aeroplan Card,,95.0,Cashback rewards; Travel-related rewards; Other rewards,False,False,Cashback
"Jpmorgan Chase Bank, National Association",J.P. Morgan Reserve,,550.0,Travel-related rewards,False,False,Travel
"Jpmorgan Chase Bank, National Association",Instacart Mastercard,,,Cashback rewards; Travel-related rewards; Other rewards,False,False,Cashback
Kaiperm Northwest Federal Credit Union,VISA Classic,,10.0,,False,False,General
Keybank National Association,KeyBank Cashback Credit Card,,,Cashback rewards,False,False,Cashback
Kings Federal Credit Union,Visa Classic,CA,,Cashback rewards; Travel-related rewards,False,False,Cashback
Lake Trust Credit Union,Platinum Elite,,,,False,False,General
Landings Credit Union,VISA Consumer Rewards,AZ,,Cashback rewards; Travel-related rewards; Other rewards,True,False,Cashback
Lighthouse Federal Credit Union,Anchor VISA (fka Preferred Visa),,,,False,False,General
Magnolia Federal Credit Union,Magnolia FCU Visa,MS,,Cashback rewards; Travel-related rewards; Other rewards,False,False,Cashback
Merrick Bank,Secured Card,,36.0,,False,False,General
Merrick Bank,Unsecured MPD35,,48.0,,False,False,General
Midfirst Bank,Consumer Platinum (Non-Rewards) Card,,,,False,False,General
Navy Federal Credit Union,cashRewards,,,Cashback rewards,False,False,Cashback
Navy Federal Credit Union,cashRewards Plus,,,Cashback rewards,False,False,Cashback
Navy Federal Credit Union,cashRewards Secured,,,Cashback rewards,False,False,Cashback
Navy Federal Credit Union,More Rewards,,,Cashback rewards; Travel-related rewards; Other rewards,False,False,Cashback
Navy Federal Credit Union,Flagship,,49.0,Cashback rewards; Travel-related rewards; Other rewards,False,False,Cashback
Navy Federal Credit Union,GoRewards,,,Cashback rewards; Travel-related rewards; Other rewards,False,False,Cashback
Navy Federal Credit Union,Platinum,,,,False,False,General
North Country Federal Credit Union,VISA Consumer Credit Card,,,Cashback rewards; Travel-related rewards; Other rewards,False,False,Cashback
Novation Credit Union,Platinum,,,Cashback rewards; Travel-related rewards; Other rewards,False,False,Cashback
Omaha Police Federal Credit Union,OPFCU VISA,,,Other rewards,False,False,General
One Nevada Credit Union,Signature Visa,,,Cashback rewards; Travel-related rewards,False,False,Cashback
On Tap Credit Union,Visa Summit,,,,False,False,General
Ontario Shores Federal Credit Union,Ontario Shores Federal Credit Union Classic Credit Card,NY,,Cashback rewards; Other rewards,False,False,Cashback
Orlando Credit Union,Xtreme Rewards Credit Card,FL,,Cashback rewards; Travel-related rewards,False,False,Cashback
Orlando Credit Union,SMART Credit Card,FL,,Cashback rewards; Travel-related rewards,False,False,Cashback
Orlando Credit Union,Secured SMART Credit Card,FL,,Cashback rewards; Travel-related rewards,False,False,Cashback
Pennsylvania State Employees Cu,Classic Visa,,,,False,False,General
Pentagon Federal Credit Union,PenFed Gold Visa® Card,,,,False,False,General
Pentagon Federal Credit Union,PenFed Platinum Rewards Visa Signature® Card,,,Other rewards,False,False,General
Pentagon Federal Credit Union,PenFed Platinum Rewards Visa® Card,,,Other rewards,False,False,General
Pentagon Federal Credit Union,PenFed Power Cash Rewards Visa Signature® Card,,,Cashback rewards,False,False,Cashback
Pentagon Federal Credit Union,PenFed Power Cash Rewards Visa® Card,,,Cashback rewards,False,False,Cashback
Pentagon Federal Credit Union,PenFed Pathfinder® Rewards Visa Signature® Card,,95.0,Travel-related rewards,False,False,Travel
"Pnc Bank, National Association",PNC Points,,,Cashback rewards; Travel-related rewards; Other rewards,False,False,Cashback
"Pnc Bank, National Association",PNC Cash Rewards,,,Cashback rewards,False,False,Cashback
"Pnc Bank, National Association",PNC Core,,,,False,False,General
"Pnc Bank, National Association",PNC Cash Unlimited,,,Cashback rewards; Other rewards,False,False,Cashback
"Pnc Bank, National Association",PNC Secured Credit Card,,36.0,,False,False,General
"Pnc Bank, National Association",PNC Spendwise Credit Card,,,,False,False,General
Premier America Credit Union,Premier Privileges Rewards Mastercard,,,Cashback rewards; Travel-related rewards,False,False,Cashback
Priority First Federal Credit Union,Visa Platinum Card,,,,False,False,General
Ravalli County Federal Credit Union,Ravalli County Federal Credit Union Visa Classic,MT,,,False,False,General
Redstone Federal Credit Union,Visa Signature,,,Cashback rewards; Travel-related rewards; Other rewards,False,False,Cashback
Regions Bank,Prestige Visa Signature,,,Other rewards,False,False,General
Rhode Island Credit Union,Visa,,,Other rewards,False,False,General
Sabine State Bank And Trust Company,MasterCard,,12.0,,False,False,General
Security Service Federal Credit Union,Power Credit Card,,,,False,False,General
Smw Financial Credit Union,Visa Platinum,,,Cashback rewards; Other rewards,False,False,Cashback
Solvay Bank,Visa Platinum Standard,NY,,,False,False,General
Southland Credit Union,"Visa Platinum Enjoy Rewards, Smart Card Classic, Smart Card Credit Builder, Smart Card Secured",CA,,Cashback rewards; Travel-related rewards; Other rewards,False,False,Cashback
"Stride Bank, National Association",Chime Cash Rewards Visa Credit Card,,,Cashback rewards,False,False,Cashback
"Stride Bank, National Association",Westlake Black Visa Credit Card,,,Cashback rewards,False,False,Cashback
"Stride Bank, National Association",Secured Chime Visa Credit Card,,,Cashback rewards,False,False,Cashback
Summit Credit Union,Ultimate CashPerks,,,Cashback rewards; Other rewards,False,False,Cashback
Summit Credit Union,Visa Platinum,NC,,,False,False,General
Summit Credit Union,Visa Rewards,NC,,Travel-related rewards; Other rewards,False,False,Travel
Summit Credit Union,Secured Visa / Credit Builder Visa,NC,,,False,False,General
Sunwest Federal Credit Union,SunWest MasterCard,AZ,,,False,False,General
Sunwest Federal Credit Union,SunWest MasterCard,AZ,,,False,False,General
Synchrony Financial,J Crew Mastercard,,,Other rewards,False,False,General
Synchrony Financial,Virgin Red Rewards World Elite Mastercard,,99.0,Travel-related rewards,False,False,Travel
Synchrony Financial,Verizon Visa Signature Card,,,Cashback rewards,False,False,Cashback
Synchrony Financial,Venmo Visa Signature Card,,,Cashback rewards,False,False,Cashback
Synchrony Financial,Venmo Visa Card,,,Cashback rewards,False,False,Cashback
Synchrony Financial,MyWalgreens Mastercard,,,Other rewards,False,False,General
Synchrony Financial,TJX Rewards Platinum Mastercard,,,Other rewards,False,False,General
Synchrony Financial,Synchrony Premier World Mastercard,,,Cashback rewards,False,False,Cashback
Synchrony Financial,Synchrony Preferred Mastercard,,,,False,False,General
Synchrony Financial,Synchrony Plus World Mastercard,,,Cashback rewards,False,False,Cashback
Synchrony Financial,ScoreRewards Mastercard,,,Other rewards,False,False,General
Synchrony Financial,Sam's Club Mastercard,,,Cashback rewards,False,False,Cashback
Synchrony Financial,PayPal Cashback Mastercard,,,Cashback rewards,False,False,Cashback
Synchrony Financial,JCPenney Mastercard,,,Other rewards,False,False,General
Synchrony Financial,Fleet Rewards Visa Card,,,Other rewards,False,False,General
Synchrony Financial,eBay Mastercard,,,Other rewards,False,False,General
Synchrony Financial,Crate and Barrel and/or CB2 Mastercard,,,Other rewards,False,False,General
Synchrony Financial,Cathay Pacific Visa Card,,99.0,Travel-related rewards,False,False,Travel
Synchrony Financial,CareCredit Mastercard,,,Other rewards,False,False,General
Synchrony Financial,Belk Rewards Mastercard,,,Other rewards,False,False,General
Synchrony Financial,At Home Insider Perks Mastercard,,,Other rewards,False,False,General
Synchrony Financial,"AEO, Inc. Visa Card",,,Other rewards,False,False,General
Synchrony Financial,Techron Advantage Visa Card,,,Cashback rewards,False,False,Cashback
"Tcm Bank, National Association",Rewards Platinum,,,Travel-related rewards; Other rewards,False,False,Travel
"Td Bank, National Association",TD Clear 1000,,,,False,False,General
"Td Bank, National Association",TD Clear 2000,,,,False,False,General
"Td Bank, National Association",FlexPay,,,,False,False,General
"Td Bank, National Association",TD Double Up,,,Cashback rewards; Other rewards,False,False,Cashback
"Td Bank, National Association",TD Cash Secured,,29.0,Cashback rewards,False,False,Cashback
"Td Bank, National Association",TD Cash,,,Cashback rewards; Other rewards,False,False,Cashback
"Td Bank, National Association",TD First Class,,89.0,Cashback rewards; Travel-related rewards; Other rewards,False,False,Cashback
"Td Bank Usa, National Association",Target Circle Mastercard,,,Other rewards,False,False,General
Texans Credit Union,Premier Rewards Card,TX,,Cashback rewards; Travel-related rewards; Other rewards,False,False,Cashback
Three Rivers Federal Credit Union,3Rivers Mastercard Credit Card,,,Cashback rewards; Travel-related rewards; Other rewards,False,False,Cashback
Tidemark Federal Credit Union,Tidemark FCU Visa Platinum,,,Cashback rewards,False,False,Cashback
Tinker Federal Credit Union,Visa Platinum,,,Travel-related rewards; Other rewards,False,False,Travel
Tru Federal Credit Union,TRU FCU Credit Card,SC,,,False,False,General
Trugrocer Federal Credit Union,Visa Classic,,,Cashback rewards; Travel-related rewards; Other rewards,False,False,Cashback
Truist Bank,Truist Enjoy Cash Credit Card,,,Cashback rewards,False,False,Cashback
Truist Bank,Truist Enjoy Travel Credit Card,,,Travel-related rewards,False,False,Travel
Truist Bank,Truist Enjoy Beyond Credit Card,,95.0,Other rewards,False,False,General
Truist Bank,Truist Future Card,,,,False,False,General
Truist Bank,Truist Future Card,,,,False,False,General
Truist Bank,Truist Enjoy Cash Secured Credit Card,,,Cashback rewards,False,False,Cashback
Truist Bank,Truist Wealth Credit Card,,450.0,Cashback rewards,False,False,Cashback
U.S. Bancorp,USB Shield,,,Cashback rewards; Travel-related rewards,False,False,Cashback
U.S. Bancorp,Cash+ Signature,,,Cashback rewards,False,False,Cashback
U.S. Bancorp,Altitude Go Sig,,,Travel-related rewards,False,False,Travel
U.S. Bancorp,Fidelity® Rewards Visa Signature®,,,Cashback rewards; Travel-related rewards,False,False,Cashback
U.S. Bancorp,Kroger Rewards World Elite Mastercard,,,Cashback rewards,False,False,Cashback
Umb Financial Corporation,Rural King Rewards Visa,,,Other rewards,False,False,General
United Bank,United Bank Endeavor Card,GA,,Travel-related rewards; Other rewards,False,False,Travel
United Bank,United Bank Right Start Endeavor Card,GA,,Travel-related rewards; Other rewards,False,False,Travel
University Of Kentucky Federal Credit Union,Credit Card Agreement,,,Travel-related rewards,False,False,Travel
University Of Kentucky Federal Credit Union,Credit Card Agreement,,,Travel-related rewards,False,False,Travel
University Of Wisconsin Credit Union,Visa Credit Card,,,Cashback rewards,True,False,Cashback
University Of Wisconsin Credit Union,Visa Rewards Credit Card,,,Cashback rewards,True,False,Cashback
University Of Wisconsin Credit Union,Visa Signature Rewards Credit Card,,,Cashback rewards,True,False,Cashback
Usaa Federal Savings Bank,USAA Preferred Cash Rewards,,,Cashback rewards,False,False,Cashback
Usaa Federal Savings Bank,USAA Cashback Rewards,,,Cashback rewards,False,False,Cashback
Usaa Federal Savings Bank,USAA Rate Advantage Card,,,,False,False,General
Usaa Federal Savings Bank,USAA Eagle Navigator,,95.0,Other rewards,False,False,General
Usaa Federal Savings Bank,USAA Secured Visa Platinum Card,,,,False,False,General
Usaa Federal Savings Bank,USAA Secured American Express Card,,,,False,False,General
Usaa Federal Savings Bank,USAA Rewards Visa Signature Card,,,Other rewards,False,False,General
Usaa Federal Savings Bank,USAA Rewards American Express Card,,,Other rewards,False,False,General
Utah Community Federal Credit Union,Low-rate Visa credit card,,,,False,False,General
Washington State Employees Credit Union,WSECU Low Rate,,,,False,False,General
"Wells Fargo Bank, National Association",Wells Fargo Advisors by Invitation Visa Signature Card,,,Cashback rewards; Travel-related rewards; Other rewards,False,False,Cashback
"Wells Fargo Bank, National Association",Choice Privileges Select Mastercard,,95.0,Travel-related rewards; Other rewards,False,False,Travel
"Wells Fargo Bank, National Association",Choice Privileges Mastercard,,,Travel-related rewards; Other rewards,False,False,Travel
"Wells Fargo Bank, National Association",Wells Fargo Autograph Journey Card,,95.0,Cashback rewards; Travel-related rewards; Other rewards,False,False,Cashback
"Wells Fargo Bank, National Association",Wells Fargo Attune World Elite Mastercard,,,Cashback rewards,False,False,Cashback
"Wells Fargo Bank, National Association",One Key Card Mastercard World Elite,,,Travel-related rewards; Other rewards,False,False,Travel
"Wells Fargo Bank, National Association",One Key+ Mastercard,,99.0,Travel-related rewards; Other rewards,False,False,Travel
"Wells Fargo Bank, National Association",Wells Fargo Reflect Card,,,,False,False,General
"Wells Fargo Bank, National Association",Wells Fargo Active Cash Card,,,Cashback rewards; Travel-related rewards; Other rewards,False,False,Cashback
"Wells Fargo Bank, National Association",The Private Bank by Invitation Visa Signature Card,,,Cashback rewards; Travel-related rewards; Other rewards,False,False,Cashback
"Wells Fargo Bank, National Association",Bilt World Elite Mastercard,,,Travel-related rewards; Other rewards,False,False,Travel
"Wells Fargo Bank, National Association",Wells Fargo Autograph Card,,,Cashback rewards; Travel-related rewards; Other rewards,False,False,Cashback
Westmark Credit Union,Visa Rewards,ID,,Other rewards,False,False,General
Westmark Credit Union,Visa Platinum,ID,,,False,False,General
Westmark Credit Union,Visa Cash Rewards,ID,,Cashback rewards,False,False,Cashback
